{
  "project_info": {
    "project_number": "320568422887",
    "project_id": "grocery-app-sample",
    "storage_bucket": "grocery-app-sample.appspot.com"
  },
  "client": [
    {
      "client_info": {
        "mobilesdk_app_id": "1:320568422887:android:7e48b4197a324c355d8d42",
        "android_client_info": {
          "package_name": "com.example.groceryapp"
        }
      },
      "oauth_client": [],
      "api_key": [
        {
          "current_key": "AIzaSyAFrS8u0mfCV_KYUyrlOLiJOE4Raxh47BQ"
        }
      ],
      "services": {
        "appinvite_service": {
          "other_platform_oauth_client": []
        }
      }
    }
  ],
  "configuration_version": "1"
}